,Instance,Size,Capacity,GAP,Runtime,NodeCount,ObjVal,HeurTime,HeurVal
0,0.0,5.0,30.0,inf,0.16425585746765137,0.0,506.5890111848549,506.5890111848549,0.4337644577026367
1,0.0,5.0,40.0,inf,0.08883810043334961,0.0,525.2351348351986,525.2351348351986,0.35083627700805664
2,0.0,5.0,50.0,inf,0.08787178993225098,0.0,525.2350964559171,525.2350964559171,0.34306788444519043
3,0.0,5.0,60.0,inf,0.084503173828125,0.0,537.4392261054203,537.4392261054203,0.34653401374816895
4,0.0,5.0,70.0,inf,0.18096613883972168,0.0,511.4787016660241,511.4787016660241,0.43288397789001465
5,1.0,5.0,30.0,inf,0.18858814239501953,0.0,502.9309236032603,502.9309236032603,0.3526277542114258
6,1.0,5.0,40.0,inf,0.18280386924743652,0.0,499.0898341175013,499.0898341175013,0.352097749710083
7,1.0,5.0,50.0,inf,0.20221710205078125,0.0,511.81409122346923,511.81409122346923,0.36879825592041016
8,1.0,5.0,60.0,inf,0.17933416366577148,0.0,491.83105218029004,491.83105218029004,0.3358144760131836
9,1.0,5.0,70.0,inf,0.18582606315612793,0.0,491.8310501387561,491.8310501387561,0.36322879791259766
10,2.0,5.0,30.0,inf,0.16778898239135742,0.0,526.849379237384,526.849379237384,0.3447074890136719
11,2.0,5.0,40.0,inf,0.157012939453125,0.0,538.5336180437359,538.5336180437359,0.3318145275115967
12,2.0,5.0,50.0,inf,0.14609718322753906,0.0,526.8493772573017,526.8493772573017,0.31968021392822266
13,2.0,5.0,60.0,inf,0.16286921501159668,0.0,546.8884314224445,546.8884314224445,0.32665205001831055
14,2.0,5.0,70.0,inf,0.1713120937347412,0.0,567.1526740203401,567.1526740203401,0.346221923828125
15,3.0,5.0,30.0,inf,0.15480399131774902,0.0,407.97696163270535,407.97696163270535,0.28768134117126465
16,3.0,5.0,40.0,inf,0.2137458324432373,0.0,421.15677647665086,421.15677647665086,0.35337162017822266
17,3.0,5.0,50.0,inf,0.17057299613952637,0.0,414.4778143125968,414.4778143125968,0.30135679244995117
18,3.0,5.0,60.0,inf,0.17496204376220703,0.0,393.2289704229352,393.2289704229352,0.3117694854736328
19,3.0,5.0,70.0,inf,0.17439818382263184,0.0,406.54511583921897,406.54511583921897,0.3177340030670166
20,4.0,5.0,30.0,inf,0.20629405975341797,0.0,529.8721486626512,529.8721486626512,0.4265012741088867
21,4.0,5.0,40.0,inf,0.06631708145141602,0.0,544.6542727168712,544.6542727168712,0.309603214263916
22,4.0,5.0,50.0,inf,0.16898703575134277,0.0,529.4670214143948,529.4670214143948,0.41734910011291504
23,4.0,5.0,60.0,inf,0.21048498153686523,0.0,526.855397005898,526.855397005898,0.41472506523132324
24,4.0,5.0,70.0,inf,0.08209109306335449,0.0,536.0020080367717,536.0020080367717,0.3043522834777832
25,0.0,6.0,30.0,inf,0.26393795013427734,0.0,703.1898144530057,703.1898144530057,0.6538662910461426
26,0.0,6.0,40.0,inf,0.28815793991088867,0.0,693.4490318243427,693.4490318243427,0.677412748336792
27,0.0,6.0,50.0,inf,0.29720091819763184,0.0,694.2477716917506,694.2477716917506,0.7026500701904297
28,0.0,6.0,60.0,inf,0.32698893547058105,0.0,721.4233710708831,721.4233710708831,0.7382793426513672
29,0.0,6.0,70.0,inf,0.364901065826416,0.0,703.2591708597488,703.2591708597488,0.8071703910827637
30,1.0,6.0,30.0,inf,0.2939469814300537,0.0,566.8724232974902,566.8724232974902,1.250077247619629
31,1.0,6.0,40.0,inf,0.265578031539917,0.0,563.0996849887443,563.0996849887443,1.286186933517456
32,1.0,6.0,50.0,inf,0.29822802543640137,0.0,551.5854920718732,551.5854920718732,1.2573707103729248
33,1.0,6.0,60.0,inf,0.13110709190368652,0.0,579.5553895406534,579.5553895406534,1.1041884422302246
34,1.0,6.0,70.0,inf,0.26576709747314453,0.0,549.8751642343716,549.8751642343716,1.273859977722168
35,2.0,6.0,30.0,inf,0.06247091293334961,0.0,556.5214411144775,556.5214411144775,0.3092377185821533
36,2.0,6.0,40.0,inf,0.23845481872558594,0.0,538.8620045903913,538.8620045903913,0.4729297161102295
37,2.0,6.0,50.0,inf,0.2489628791809082,0.0,531.9804523066475,531.9804523066475,0.4873476028442383
38,2.0,6.0,60.0,inf,0.2631981372833252,0.0,533.0491963259242,533.0491963259242,0.49695825576782227
39,2.0,6.0,70.0,inf,0.23748183250427246,0.0,542.3428880701393,542.3428880701393,0.49825143814086914
40,3.0,6.0,30.0,inf,0.2630000114440918,0.0,627.200940149783,627.200940149783,0.49141860008239746
41,3.0,6.0,40.0,inf,0.30965495109558105,0.0,588.683581555218,588.683581555218,0.5645322799682617
42,3.0,6.0,50.0,inf,0.28513193130493164,0.0,591.6318303606507,591.6318303606507,0.5132358074188232
43,3.0,6.0,60.0,inf,0.30236196517944336,0.0,590.6199836970618,590.6199836970618,0.5323293209075928
44,3.0,6.0,70.0,inf,0.32737112045288086,0.0,589.0458118222548,589.0458118222548,0.5707311630249023
45,4.0,6.0,30.0,inf,0.23414897918701172,0.0,727.7710127848617,727.7710127848617,0.5014255046844482
46,4.0,6.0,40.0,inf,0.22832918167114258,0.0,748.3024165305977,748.3024165305977,0.4715583324432373
47,4.0,6.0,50.0,inf,0.2031569480895996,0.0,733.2494234550707,733.2494234550707,0.4489908218383789
48,4.0,6.0,60.0,inf,0.25970911979675293,0.0,737.2719331699566,737.2719331699566,0.5194954872131348
49,4.0,6.0,70.0,inf,0.23928499221801758,0.0,736.2917313902053,736.2917313902053,0.5000896453857422
50,0.0,7.0,30.0,inf,0.44146013259887695,0.0,771.8467896107016,771.8467896107016,0.8789291381835938
51,0.0,7.0,40.0,inf,0.4058349132537842,0.0,783.9416948329481,783.9416948329481,0.8453373908996582
52,0.0,7.0,50.0,inf,0.42024898529052734,0.0,771.2346391974727,771.2346391974727,0.8555731773376465
53,0.0,7.0,60.0,inf,0.43576908111572266,0.0,776.3281392696891,776.3281392696891,0.8766016960144043
54,0.0,7.0,70.0,inf,0.3810081481933594,0.0,791.6655686300271,791.6655686300271,0.8213512897491455
55,1.0,7.0,30.0,inf,0.39905309677124023,0.0,602.1544736305054,602.1544736305054,0.8748819828033447
56,1.0,7.0,40.0,inf,0.10261297225952148,0.0,624.8374767100584,624.8374767100584,0.5817255973815918
57,1.0,7.0,50.0,inf,0.3523259162902832,0.0,606.8828624608694,606.8828624608694,0.8305518627166748
58,1.0,7.0,60.0,inf,0.37084388732910156,0.0,609.0318547322358,609.0318547322358,0.8422236442565918
59,1.0,7.0,70.0,inf,0.352053165435791,0.0,632.5026591602632,632.5026591602632,0.8357477188110352
60,2.0,7.0,30.0,inf,0.48502302169799805,0.0,577.0995480024371,577.0995480024371,0.9568548202514648
61,2.0,7.0,40.0,inf,0.46682095527648926,0.0,576.4176252865755,576.4176252865755,0.9487109184265137
62,2.0,7.0,50.0,inf,0.382875919342041,0.0,574.5817026016325,574.5817026016325,0.8919823169708252
63,2.0,7.0,60.0,inf,0.46240997314453125,0.0,578.3921123194282,578.3921123194282,0.951805830001831
64,2.0,7.0,70.0,inf,0.4196360111236572,0.0,594.1598226043538,594.1598226043538,0.9092142581939697
65,3.0,7.0,30.0,inf,0.37488293647766113,0.0,645.3602632404874,645.3602632404874,0.6516385078430176
66,3.0,7.0,40.0,inf,0.39037394523620605,0.0,646.2197742219281,646.2197742219281,0.6594505310058594
67,3.0,7.0,50.0,inf,0.3820328712463379,0.0,654.4137624431883,654.4137624431883,0.6666474342346191
68,3.0,7.0,60.0,inf,0.40857720375061035,0.0,653.8898673440469,653.8898673440469,0.6827538013458252
69,3.0,7.0,70.0,inf,0.35761189460754395,0.0,648.0438957125226,648.0438957125226,0.6373000144958496
70,4.0,7.0,30.0,inf,0.42202210426330566,0.0,535.2211321280995,535.2211321280995,1.9870820045471191
71,4.0,7.0,40.0,inf,0.4147770404815674,0.0,569.0296692833052,569.0296692833052,1.995469093322754
72,4.0,7.0,50.0,inf,0.4075632095336914,0.0,548.5302270740424,548.5302270740424,1.9701118469238281
73,4.0,7.0,60.0,inf,0.5563127994537354,0.0,535.6867135348455,535.6867135348455,2.1208250522613525
74,4.0,7.0,70.0,inf,0.5046470165252686,0.0,535.0512733511874,535.0512733511874,2.0856118202209473
75,0.0,8.0,30.0,inf,0.6370160579681396,0.0,614.3615600920842,614.3615600920842,1.2965760231018066
76,0.0,8.0,40.0,inf,0.5858080387115479,0.0,626.1468550442341,626.1468550442341,1.2237484455108643
77,0.0,8.0,50.0,inf,0.6502559185028076,0.0,614.9901852169952,614.9901852169952,1.2915406227111816
78,0.0,8.0,60.0,inf,0.7912869453430176,0.0,629.4617289907002,629.4617289907002,1.4218518733978271
79,0.0,8.0,70.0,inf,0.6520588397979736,0.0,629.2266664935835,629.2266664935835,1.3043677806854248
80,1.0,8.0,30.0,inf,0.6861510276794434,0.0,775.5653783007167,775.5653783007167,2.3854827880859375
81,1.0,8.0,40.0,inf,0.5560610294342041,0.0,762.7165546215602,762.7165546215602,2.2524003982543945
82,1.0,8.0,50.0,inf,0.692180871963501,0.0,772.2431418676251,772.2431418676251,2.5023367404937744
83,1.0,8.0,60.0,inf,0.743994951248169,0.0,783.7749497101827,783.7749497101827,2.615260124206543
84,1.0,8.0,70.0,inf,0.8144779205322266,0.0,795.187125292239,795.187125292239,2.542142868041992
85,2.0,8.0,30.0,inf,8.811632871627808,0.0,684.0465017860066,684.0465017860066,9.28711199760437
86,2.0,8.0,40.0,inf,0.6183600425720215,0.0,695.4426103888239,695.4426103888239,1.1229579448699951
87,2.0,8.0,50.0,inf,0.5327408313751221,0.0,681.2983387450954,681.2983387450954,1.0180017948150635
88,2.0,8.0,60.0,inf,0.5574889183044434,0.0,685.0482139009093,685.0482139009093,1.0419108867645264
89,2.0,8.0,70.0,inf,0.5769610404968262,0.0,685.6770288261994,685.6770288261994,1.0618445873260498
90,3.0,8.0,30.0,inf,0.6426589488983154,0.0,750.5865300673278,750.5865300673278,1.156796932220459
91,3.0,8.0,40.0,inf,0.5955338478088379,0.0,739.6664732534342,739.6664732534342,1.099780559539795
92,3.0,8.0,50.0,inf,0.6110410690307617,0.0,731.2511107135728,731.2511107135728,1.1023039817810059
93,3.0,8.0,60.0,inf,0.6082680225372314,0.0,741.696750459274,741.696750459274,1.0844604969024658
94,3.0,8.0,70.0,inf,0.6505382061004639,0.0,725.5805281101193,725.5805281101193,1.113189935684204
95,4.0,8.0,30.0,inf,0.571760892868042,0.0,774.1589210529559,774.1589210529559,1.0208685398101807
96,4.0,8.0,40.0,inf,0.5255880355834961,0.0,763.804755187846,763.804755187846,0.9852433204650879
97,4.0,8.0,50.0,inf,0.4798851013183594,0.0,768.836058354874,768.836058354874,0.906522274017334
98,4.0,8.0,60.0,inf,0.6200151443481445,0.0,767.9253614594893,767.9253614594893,1.072659969329834
99,4.0,8.0,70.0,inf,0.5990657806396484,0.0,769.1453680598426,769.1453680598426,1.0659165382385254
100,0.0,9.0,30.0,inf,0.8688039779663086,0.0,658.3776171662505,658.3776171662505,2.7764408588409424
101,0.0,9.0,40.0,inf,0.9482829570770264,0.0,659.2595684547961,659.2595684547961,2.8381659984588623
102,0.0,9.0,50.0,inf,0.8127520084381104,0.0,658.9052867569828,658.9052867569828,2.6895318031311035
103,0.0,9.0,60.0,inf,0.8408730030059814,0.0,663.1168778076321,663.1168778076321,2.776732921600342
104,0.0,9.0,70.0,inf,0.9393191337585449,0.0,672.6788118419685,672.6788118419685,2.88425874710083
105,1.0,9.0,30.0,inf,0.8921470642089844,0.0,880.428451105229,880.428451105229,2.7030467987060547
106,1.0,9.0,40.0,inf,0.7660350799560547,0.0,856.0319255786562,856.0319255786562,2.579775810241699
107,1.0,9.0,50.0,inf,0.8255059719085693,0.0,870.3322987330497,870.3322987330497,2.6296045780181885
108,1.0,9.0,60.0,inf,0.8329148292541504,0.0,866.5447368600351,866.5447368600351,2.692563772201538
109,1.0,9.0,70.0,inf,0.8499090671539307,0.0,855.0436751596313,855.0436751596313,2.734204053878784
110,2.0,9.0,30.0,inf,0.8102750778198242,0.0,920.681771414015,920.681771414015,3.110225200653076
111,2.0,9.0,40.0,inf,0.8979170322418213,0.0,911.3108515936578,911.3108515936578,3.1656651496887207
112,2.0,9.0,50.0,inf,0.7562079429626465,0.0,924.8325999748945,924.8325999748945,3.1234703063964844
113,2.0,9.0,60.0,inf,0.9621670246124268,0.0,894.560012795956,894.560012795956,3.2931020259857178
114,2.0,9.0,70.0,inf,0.803657054901123,0.0,910.8574428342444,910.8574428342444,3.1558241844177246
115,3.0,9.0,30.0,inf,1.139861822128296,0.0,687.7928387675408,687.7928387675408,4.426541090011597
116,3.0,9.0,40.0,inf,0.8259530067443848,0.0,694.5059202055282,694.5059202055282,4.127549648284912
117,3.0,9.0,50.0,inf,0.8187730312347412,0.0,694.7589119567449,694.7589119567449,4.07110595703125
118,3.0,9.0,60.0,inf,0.8486449718475342,0.0,696.1423070150329,696.1423070150329,4.138931512832642
119,3.0,9.0,70.0,inf,0.8188211917877197,0.0,691.7209499948967,691.7209499948967,4.298345327377319
120,4.0,9.0,30.0,inf,0.801347017288208,0.0,710.6926966642579,710.6926966642579,3.360464334487915
121,4.0,9.0,40.0,inf,0.9140830039978027,0.0,709.4645530625107,709.4645530625107,3.4723262786865234
122,4.0,9.0,50.0,inf,0.7764170169830322,0.0,701.302344599098,701.302344599098,3.30088472366333
123,4.0,9.0,60.0,inf,0.9210968017578125,0.0,706.7112716365531,706.7112716365531,3.4642326831817627
124,4.0,9.0,70.0,inf,0.6552629470825195,0.0,702.3591068447207,702.3591068447207,3.2083096504211426
125,0.0,10.0,30.0,inf,1.266434907913208,0.0,982.4347844455701,982.4347844455701,2.4307589530944824
126,0.0,10.0,40.0,inf,1.5068471431732178,0.0,939.8364838331981,939.8364838331981,2.6621127128601074
127,0.0,10.0,50.0,inf,1.523960828781128,0.0,984.1570114696326,984.1570114696326,2.729942560195923
128,0.0,10.0,60.0,inf,1.180866003036499,0.0,960.5696664259576,960.5696664259576,2.3603971004486084
129,0.0,10.0,70.0,inf,1.5339019298553467,0.0,942.6854671480821,942.6854671480821,2.736964702606201
130,1.0,10.0,30.0,inf,1.3360021114349365,0.0,751.8979122135601,751.8979122135601,3.737264633178711
131,1.0,10.0,40.0,inf,1.3010170459747314,0.0,778.5590241479845,778.5590241479845,3.693249225616455
132,1.0,10.0,50.0,inf,1.2250590324401855,0.0,779.6251605121525,779.6251605121525,3.635406494140625
133,1.0,10.0,60.0,inf,1.2875909805297852,0.0,755.0375666870304,755.0375666870304,3.6848819255828857
134,1.0,10.0,70.0,inf,1.5594418048858643,0.0,768.5804462668166,768.5804462668166,3.9694414138793945
135,2.0,10.0,30.0,inf,1.0657289028167725,0.0,811.0539348983727,811.0539348983727,11.218337059020996
136,2.0,10.0,40.0,inf,1.0940110683441162,0.0,806.2173012043567,806.2173012043567,11.379473209381104
137,2.0,10.0,50.0,inf,1.1792421340942383,0.0,779.6946832864267,779.6946832864267,11.306869983673096
138,2.0,10.0,60.0,inf,1.0917789936065674,0.0,805.688145705261,805.688145705261,11.312797546386719
139,2.0,10.0,70.0,inf,1.0976591110229492,0.0,791.656422930003,791.656422930003,11.235566854476929
140,3.0,10.0,30.0,inf,1.5574431419372559,0.0,600.1770612406223,600.1770612406223,16.167639017105103
141,3.0,10.0,40.0,inf,1.1371469497680664,0.0,591.5933409122069,591.5933409122069,15.694596767425537
142,3.0,10.0,50.0,inf,1.157132863998413,0.0,573.9599219014551,573.9599219014551,15.666229486465454
143,3.0,10.0,60.0,inf,1.234631061553955,0.0,586.3056040191769,586.3056040191769,15.788430452346802
144,3.0,10.0,70.0,inf,1.1043457984924316,0.0,594.0572351140737,594.0572351140737,16.056748151779175
145,4.0,10.0,30.0,inf,1.6567399501800537,0.0,906.0610203067174,906.0610203067174,7.7846362590789795
146,4.0,10.0,40.0,inf,1.3580598831176758,0.0,904.5375892667121,904.5375892667121,7.514912366867065
147,4.0,10.0,50.0,inf,1.4571380615234375,0.0,933.8009684263777,933.8009684263777,7.732039213180542
148,4.0,10.0,60.0,inf,1.3276300430297852,0.0,949.2005670642762,949.2005670642762,7.503534555435181
149,4.0,10.0,70.0,inf,1.346107006072998,0.0,942.7079470882568,942.7079470882568,7.513306140899658
150,0.0,11.0,30.0,inf,1.8112380504608154,0.0,898.0142759506269,898.0142759506269,7.276934623718262
151,0.0,11.0,40.0,inf,1.5705368518829346,0.0,873.5245257335226,873.5245257335226,6.911342144012451
152,0.0,11.0,50.0,inf,1.4675941467285156,0.0,855.8016106464398,855.8016106464398,6.7891011238098145
153,0.0,11.0,60.0,inf,1.5970981121063232,0.0,873.0915922627847,873.0915922627847,7.029511451721191
154,0.0,11.0,70.0,inf,1.5348761081695557,0.0,888.1246627235989,888.1246627235989,6.90331244468689
155,1.0,11.0,30.0,inf,1.7267868518829346,0.0,792.7823928230986,792.7823928230986,16.695364236831665
156,1.0,11.0,40.0,inf,1.8980419635772705,0.0,782.1079471351748,782.1079471351748,16.930383443832397
157,1.0,11.0,50.0,inf,2.1253459453582764,0.0,796.0493325467434,796.0493325467434,17.117492198944092
158,1.0,11.0,60.0,inf,1.506485939025879,0.0,792.2288433095752,792.2288433095752,16.344032526016235
159,1.0,11.0,70.0,inf,1.7671639919281006,0.0,789.904763256761,789.904763256761,17.034964084625244
160,2.0,11.0,30.0,inf,1.6011829376220703,0.0,976.1204306797247,976.1204306797247,16.446481466293335
161,2.0,11.0,40.0,inf,1.7260849475860596,0.0,961.8835267702973,961.8835267702973,16.578018188476562
162,2.0,11.0,50.0,inf,1.8618638515472412,0.0,972.1360979305648,972.1360979305648,16.633220911026
163,2.0,11.0,60.0,inf,2.0727272033691406,0.0,975.7250666330187,975.7250666330187,16.849428415298462
164,2.0,11.0,70.0,inf,1.8483049869537354,0.0,965.1063525499494,965.1063525499494,16.7071692943573
165,3.0,11.0,30.0,inf,1.7045409679412842,0.0,770.4672100900196,770.4672100900196,6.786794424057007
166,3.0,11.0,40.0,inf,1.8134651184082031,0.0,744.3402717148098,744.3402717148098,7.034352540969849
167,3.0,11.0,50.0,inf,1.8149371147155762,0.0,754.1786400761562,754.1786400761562,6.734142303466797
168,3.0,11.0,60.0,inf,1.8209989070892334,0.0,751.7212055799314,751.7212055799314,6.763782739639282
169,3.0,11.0,70.0,inf,1.850870132446289,0.0,744.3402735470922,744.3402735470922,6.748805522918701
170,4.0,11.0,30.0,inf,2.000415086746216,0.0,880.2575185091952,880.2575185091952,11.281319618225098
171,4.0,11.0,40.0,inf,1.8169419765472412,0.0,870.401329444986,870.401329444986,11.077983140945435
172,4.0,11.0,50.0,inf,2.049129009246826,0.0,863.8718658167357,863.8718658167357,11.296600103378296
173,4.0,11.0,60.0,inf,2.0301389694213867,0.0,878.3680758698526,878.3680758698526,11.259041547775269
174,4.0,11.0,70.0,inf,1.7071568965911865,0.0,905.3832765125985,905.3832765125985,10.981208324432373
175,0.0,12.0,30.0,inf,2.670403003692627,0.0,904.9423130696862,904.9423130696862,20.503972053527832
176,0.0,12.0,40.0,inf,2.7609410285949707,0.0,902.0923996553663,902.0923996553663,20.282984972000122
177,0.0,12.0,50.0,inf,2.854522943496704,0.0,897.7783815085277,897.7783815085277,20.363041162490845
178,0.0,12.0,60.0,inf,2.7667059898376465,0.0,908.3072975189267,908.3072975189267,20.20823335647583
179,0.0,12.0,70.0,inf,2.78157114982605,0.0,927.648657728992,927.648657728992,20.58108353614807
180,1.0,12.0,30.0,inf,2.7256321907043457,0.0,788.7404031609567,788.7404031609567,10.559638023376465
181,1.0,12.0,40.0,inf,2.727919101715088,0.0,784.9649662282001,784.9649662282001,10.535961627960205
182,1.0,12.0,50.0,inf,3.1452929973602295,0.0,788.2461246465889,788.2461246465889,10.981671571731567
183,1.0,12.0,60.0,inf,3.1963579654693604,0.0,798.586772557421,798.586772557421,10.987365007400513
184,1.0,12.0,70.0,inf,2.5876779556274414,0.0,779.3433686628757,779.3433686628757,10.392372131347656
185,2.0,12.0,30.0,inf,2.9930238723754883,0.0,904.8195416527408,904.8195416527408,16.426307439804077
186,2.0,12.0,40.0,inf,2.747631072998047,0.0,905.1861959941872,905.1861959941872,16.319181442260742
187,2.0,12.0,50.0,inf,2.976707935333252,0.0,906.0477525514499,906.0477525514499,16.56585192680359
188,2.0,12.0,60.0,inf,3.174617052078247,0.0,891.1934323634864,891.1934323634864,16.852913856506348
189,2.0,12.0,70.0,inf,3.580271005630493,0.0,907.1934460443471,907.1934460443471,17.191300630569458
190,3.0,12.0,30.0,inf,2.8033270835876465,0.0,1126.033170451704,1126.033170451704,8.635824203491211
191,3.0,12.0,40.0,inf,2.809446096420288,0.0,1141.0186563076916,1141.0186563076916,8.516681671142578
192,3.0,12.0,50.0,inf,3.667936086654663,0.0,1141.9756951310405,1141.9756951310405,9.400651931762695
193,3.0,12.0,60.0,inf,2.6889278888702393,0.0,1131.4644474666961,1131.4644474666961,8.401757955551147
194,3.0,12.0,70.0,inf,2.397670030593872,0.0,1140.0793897069343,1140.0793897069343,8.059675693511963
195,4.0,12.0,30.0,inf,2.9963901042938232,0.0,751.6110249817243,751.6110249817243,23.004064321517944
196,4.0,12.0,40.0,inf,2.9888880252838135,0.0,742.2913323522423,742.2913323522423,23.12887454032898
197,4.0,12.0,50.0,inf,39.3778350353241,0.0,725.2800714381905,725.2800714381905,59.09204721450806
198,4.0,12.0,60.0,inf,3.1316120624542236,0.0,780.9532626245226,780.9532626245226,23.131113052368164
199,4.0,12.0,70.0,inf,3.1205098628997803,0.0,743.3539811273863,743.3539811273863,23.012193202972412
200,0.0,13.0,30.0,inf,4.24952507019043,0.0,1079.4182632318034,1079.4182632318034,18.56781315803528
201,0.0,13.0,40.0,inf,4.490633964538574,0.0,1081.9266696951568,1081.9266696951568,18.777087211608887
202,0.0,13.0,50.0,inf,4.594698190689087,0.0,1084.2155623956419,1084.2155623956419,19.1634840965271
203,0.0,13.0,60.0,inf,4.009522914886475,0.0,1075.8144916217498,1075.8144916217498,18.471917390823364
204,0.0,13.0,70.0,inf,4.39070987701416,0.0,1054.0372830352503,1054.0372830352503,19.375381469726562
205,1.0,13.0,30.0,inf,4.128008127212524,0.0,891.2706603400388,891.2706603400388,34.01746964454651
206,1.0,13.0,40.0,inf,4.493776082992554,0.0,889.4010258173021,889.4010258173021,34.38987112045288
207,1.0,13.0,50.0,inf,4.687129020690918,0.0,882.358477968909,882.358477968909,34.57937741279602
208,1.0,13.0,60.0,inf,4.3162689208984375,0.0,873.3911041227271,873.3911041227271,34.217947483062744
209,1.0,13.0,70.0,inf,4.218019962310791,0.0,895.8140913589773,895.8140913589773,34.11684274673462
210,2.0,13.0,30.0,inf,4.515243053436279,0.0,833.8211815192809,833.8211815192809,10.295598983764648
211,2.0,13.0,40.0,inf,4.057548999786377,0.0,834.8212466157038,834.8212466157038,9.737424850463867
212,2.0,13.0,50.0,inf,4.610733985900879,0.0,871.3426919716331,871.3426919716331,10.274338483810425
213,2.0,13.0,60.0,inf,4.519906044006348,0.0,860.6345867507939,860.6345867507939,10.223996639251709
214,2.0,13.0,70.0,inf,4.3888258934021,0.0,849.2840148501873,849.2840148501873,10.023425102233887
215,3.0,13.0,30.0,inf,4.8056628704071045,0.0,832.0453109195655,832.0453109195655,34.7109489440918
216,3.0,13.0,40.0,inf,3.815842866897583,0.0,832.0772566867977,832.0772566867977,33.738152265548706
217,3.0,13.0,50.0,inf,3.7383551597595215,0.0,822.0114695160556,822.0114695160556,33.645864486694336
218,3.0,13.0,60.0,inf,4.59085488319397,0.0,842.0636923729808,842.0636923729808,34.49643850326538
219,3.0,13.0,70.0,inf,4.173694133758545,0.0,838.423312694599,838.423312694599,34.08107542991638
220,4.0,13.0,30.0,inf,4.215709924697876,0.0,1042.1846925796303,1042.1846925796303,34.10480546951294
221,4.0,13.0,40.0,inf,5.530084848403931,0.0,990.296332177559,990.296332177559,35.41734266281128
222,4.0,13.0,50.0,inf,4.4693379402160645,0.0,998.2926090563835,998.2926090563835,34.37300753593445
223,4.0,13.0,60.0,inf,4.842958927154541,0.0,1045.2788951269285,1045.2788951269285,34.75919723510742
224,4.0,13.0,70.0,inf,4.1359031200408936,0.0,997.0672507286896,997.0672507286896,34.033828258514404
225,0.0,14.0,30.0,inf,28.723247051239014,0.0,928.365260862289,928.365260862289,58.34044003486633
226,0.0,14.0,40.0,inf,30.997215032577515,0.0,929.8077942628806,929.8077942628806,60.60358691215515
227,0.0,14.0,50.0,inf,25.08419394493103,0.0,931.7436114702846,931.7436114702846,54.679412603378296
228,0.0,14.0,60.0,inf,27.271925926208496,0.0,931.7381367711894,931.7381367711894,56.883779764175415
229,0.0,14.0,70.0,inf,26.685115098953247,0.0,924.0157186488261,924.0157186488261,56.336405992507935
230,1.0,14.0,30.0,inf,33.21758008003235,0.0,1074.624377027225,1074.624377027225,55.05043005943298
231,1.0,14.0,40.0,inf,38.54870104789734,0.0,1071.9891479909666,1071.9891479909666,60.704251766204834
232,1.0,14.0,50.0,inf,30.483776807785034,0.0,1069.0300543739195,1069.0300543739195,52.43660044670105
233,1.0,14.0,60.0,inf,22.55155110359192,0.0,1077.7909481647232,1077.7909481647232,44.40527629852295
234,1.0,14.0,70.0,inf,20.763160943984985,0.0,1068.185490532299,1068.185490532299,42.53573441505432
235,2.0,14.0,30.0,inf,21.975950956344604,0.0,1065.5811502460979,1065.5811502460979,34.19041585922241
236,2.0,14.0,40.0,inf,22.682548999786377,0.0,1060.2754853337133,1060.2754853337133,34.95721173286438
237,2.0,14.0,50.0,inf,25.745677947998047,0.0,1065.6405368481396,1065.6405368481396,37.73822498321533
238,2.0,14.0,60.0,inf,26.555675983428955,0.0,1066.151563443349,1066.151563443349,38.741116523742676
239,2.0,14.0,70.0,inf,21.811545848846436,0.0,1075.1302264977617,1075.1302264977617,34.220625162124634
240,3.0,14.0,30.0,inf,30.703040838241577,0.0,961.5468249215003,961.5468249215003,60.32844281196594
241,3.0,14.0,40.0,inf,64.42321991920471,0.0,983.3196283069078,983.3196283069078,94.01855111122131
242,3.0,14.0,50.0,inf,155.48161005973816,0.0,976.6070418747022,976.6070418747022,185.09404683113098
243,3.0,14.0,60.0,inf,69.57447218894958,0.0,988.4178982437219,988.4178982437219,99.24578976631165
244,3.0,14.0,70.0,inf,46.037373065948486,0.0,963.0064704579067,963.0064704579067,75.63378310203552
245,4.0,14.0,30.0,inf,22.81884503364563,0.0,972.1946784881286,972.1946784881286,52.42771911621094
246,4.0,14.0,40.0,inf,25.476972103118896,0.0,974.6878474628877,974.6878474628877,55.0413658618927
247,4.0,14.0,50.0,inf,32.17804312705994,0.0,979.9795483050075,979.9795483050075,61.76026654243469
248,4.0,14.0,60.0,inf,38.92689800262451,0.0,977.8125962663491,977.8125962663491,68.49469375610352
249,4.0,14.0,70.0,inf,25.560625076293945,0.0,977.2307802357104,977.2307802357104,55.15255618095398
250,0.0,15.0,30.0,,,,,,
251,0.0,15.0,40.0,,,,,,
252,0.0,15.0,50.0,,,,,,
253,0.0,15.0,60.0,inf,56.632604122161865,0.0,1039.5122840281015,1039.5122840281015,78.31434059143066
254,0.0,15.0,70.0,inf,216.4582929611206,0.0,1033.2730694848092,1033.2730694848092,238.37115907669067
255,1.0,15.0,30.0,inf,64.74828600883484,0.0,910.8440660801037,910.8440660801037,93.57457685470581
256,1.0,15.0,40.0,inf,72.35065507888794,0.0,902.7374829550091,902.7374829550091,100.7384786605835
257,1.0,15.0,50.0,inf,65.18084907531738,0.0,914.425028139025,914.425028139025,93.97890639305115
258,1.0,15.0,60.0,inf,59.39708995819092,0.0,902.8901645080865,902.8901645080865,88.15080785751343
259,1.0,15.0,70.0,inf,66.51457190513611,0.0,908.9073157445737,908.9073157445737,95.29504132270813
260,2.0,15.0,30.0,inf,148.5091118812561,0.0,1164.0502989199078,1164.0502989199078,177.316419839859
261,2.0,15.0,40.0,inf,72.76118397712708,0.0,1166.0419658722244,1166.0419658722244,101.57145476341248
262,2.0,15.0,50.0,inf,243.85490703582764,0.0,1164.4850079706011,1164.4850079706011,272.64465403556824
263,2.0,15.0,60.0,inf,353.4968590736389,0.0,1160.2395519894092,1160.2395519894092,382.37167859077454
264,2.0,15.0,70.0,inf,43.74672985076904,0.0,1148.5149253783716,1148.5149253783716,72.55258321762085
265,3.0,15.0,30.0,inf,45.65275502204895,0.0,1089.611279357612,1089.611279357612,67.7962691783905
266,3.0,15.0,40.0,inf,43.08559703826904,0.0,1085.33466328415,1085.33466328415,66.65595436096191
267,3.0,15.0,50.0,inf,45.10311818122864,0.0,1099.4297221489444,1099.4297221489444,66.01718473434448
268,3.0,15.0,60.0,inf,56.13772416114807,0.0,1101.734576990368,1101.734576990368,78.03950142860413
269,3.0,15.0,70.0,inf,46.639801025390625,0.0,1093.4932958293289,1093.4932958293289,68.16898727416992
270,4.0,15.0,30.0,inf,42.442832946777344,0.0,1127.405473775083,1127.405473775083,59.07689189910889
271,4.0,15.0,40.0,inf,52.057260036468506,0.0,1121.6946840593323,1121.6946840593323,68.84914779663086
272,4.0,15.0,50.0,inf,49.216789960861206,0.0,1128.6909623667939,1128.6909623667939,65.27546668052673
273,4.0,15.0,60.0,inf,54.74958395957947,0.0,1120.1150891037978,1120.1150891037978,71.16471195220947
274,4.0,15.0,70.0,inf,56.17261004447937,0.0,1126.4330069081516,1126.4330069081516,72.9010362625122
